Ano;Receita;CresRec;Ebit;Margem_Ebit(%);IR;IR/EBIT;Imobilizado;CresImob;Deprec;Deprec/Imob;Capex;Capex/Imob;Varcapgiro
2017;9523.8;0.01674;1182.4;0.124152;-99.5;0.084151;3160;0.041873;-283.9;0.089842;-265.8;0.084114;-760
2018;11970.1;0.256862;1507.0;0.125897;-153.4;0.101791639;3542;0.1208861;-317.0;0.0894975;-429.4;0.1212309;-684
2019;13347.5;0.11507;1847.7;0.13843;-172.0;0.093089;3981;0.12394;-396.8;0.09967;-524.3;0.1317;865
2020;17469.60;0.308829;2816.30;0.161211;-350.7;0.124525;4877;0.225069;-451.4;0.092557;-538.2;0.110355;1404
2021;23563.30;0.348817;4158.40;0.17648;-672.5;0.16172;5505;0.12877;-520.2;0.0945;-847.3;0.15391;1344
