Ano;Receita;CresRec;Ebit;Margem_Ebit(%);IR;IR/EBIT;Imobilizado;CresImob;Deprec;Deprec/Imob;Capex;Capex/Imob;Varcapgiro
2015;9760.3;0.244809;1158.2;0.118664;-137.9;0.119064;3265;0.134468;-319.4;0.097825;-468.1;0.143369;1410
2016;9367.0;-0.0403;1063.7;0.113558;-151.7;0.142615;3033;-0.07106;-343.3;0.113188;-325.5;0.107319;-246
2017;9523.8;0.01674;1182.4;0.124152;-99.5;0.084151;3160;0.041873;-283.9;0.089842;-265.8;0.084114;-760
2018;11970.1;0.256862;1507.0;0.125897;-153.4;0.101791639;3542;0.1208861;-317.0;0.0894975;-429.4;0.1212309;-684
2019;13347.5;0.11507;1847.7;0.13843;-172;0.09309;3981;0.12394;-396.8;0.09967;-524.3;0.1317;865
